id,filepath,duration,class_label
10210049,./assets/audio_train/10210049_father.wav,0.4579591836734694,father
10210049,./assets/audio_train/10210049_worker.wav,0.519501133786848,worker
10210051,./assets/audio_train/10210051_water.wav,0.39582766439909295,water
10210062,./assets/audio_train/10210062_flowers.wav,0.39922902494331064,flowers
10210066,./assets/audio_train/10210066_apples.wav,0.5243537414965986,apples
10290049,./assets/audio_train/10290049_father.wav,0.33015873015873015,father
10290049,./assets/audio_train/10290049_worker.wav,0.5118367346938776,worker
10290051,./assets/audio_train/10290051_water.wav,0.3434467120181406,water
10290062,./assets/audio_train/10290062_flowers.wav,0.5004081632653061,flowers
10290066,./assets/audio_train/10290066_apples.wav,0.42839002267573695,apples
10680049,./assets/audio_train/10680049_father.wav,0.2980045351473923,father
10680049,./assets/audio_train/10680049_worker.wav,0.38263038548752837,worker
10680051,./assets/audio_train/10680051_water.wav,0.35020408163265304,water
10680062,./assets/audio_train/10680062_flowers.wav,0.3910657596371882,flowers
10680066,./assets/audio_train/10680066_apples.wav,0.36603174603174604,apples
10790049,./assets/audio_train/10790049_father.wav,0.6942857142857143,father
10790049,./assets/audio_train/10790049_worker.wav,0.6124716553287982,worker
10790051,./assets/audio_train/10790051_water.wav,0.5877097505668935,water
10790062,./assets/audio_train/10790062_flowers.wav,0.6263492063492063,flowers
10790066,./assets/audio_train/10790066_apples.wav,0.6821315192743764,apples
10810049,./assets/audio_train/10810049_father.wav,0.4029024943310658,father
10810049,./assets/audio_train/10810049_worker.wav,0.5554648526077097,worker
10810051,./assets/audio_train/10810051_water.wav,0.4067573696145125,water
10810062,./assets/audio_train/10810062_flowers.wav,0.5149659863945578,flowers
10810066,./assets/audio_train/10810066_apples.wav,0.5,apples
1160049,./assets/audio_train/1160049_father.wav,0.3597732426303855,father
1160049,./assets/audio_train/1160049_worker.wav,0.4636281179138322,worker
1160051,./assets/audio_train/1160051_water.wav,0.28956916099773244,water
1160062,./assets/audio_train/1160062_flowers.wav,0.32213151927437644,flowers
1160066,./assets/audio_train/1160066_apples.wav,0.3890702947845805,apples
1400049,./assets/audio_train/1400049_father.wav,0.44807256235827664,father
1400049,./assets/audio_train/1400049_worker.wav,0.5173242630385487,worker
1400051,./assets/audio_train/1400051_water.wav,0.4800907029478458,water
1400062,./assets/audio_train/1400062_flowers.wav,0.7773242630385487,flowers
1400066,./assets/audio_train/1400066_apples.wav,0.7593197278911564,apples
1410049,./assets/audio_train/1410049_father.wav,0.2908843537414966,father
1410049,./assets/audio_train/1410049_worker.wav,0.46616780045351475,worker
1410051,./assets/audio_train/1410051_water.wav,0.3166893424036281,water
1410062,./assets/audio_train/1410062_flowers.wav,0.38789115646258504,flowers
1410066,./assets/audio_train/1410066_apples.wav,0.37197278911564624,apples
1440049,./assets/audio_train/1440049_father.wav,0.40244897959183673,father
1440049,./assets/audio_train/1440049_worker.wav,0.48643990929705216,worker
1440051,./assets/audio_train/1440051_water.wav,0.4308843537414966,water
1440062,./assets/audio_train/1440062_flowers.wav,0.570702947845805,flowers
1440066,./assets/audio_train/1440066_apples.wav,0.5494784580498866,apples
14460049,./assets/audio_train/14460049_father.wav,0.5214512471655329,father
14460049,./assets/audio_train/14460049_worker.wav,0.4121541950113379,worker
14460051,./assets/audio_train/14460051_water.wav,0.4854421768707483,water
14460062,./assets/audio_train/14460062_flowers.wav,0.5779591836734694,flowers
14460066,./assets/audio_train/14460066_apples.wav,0.6724716553287982,apples
1470049,./assets/audio_train/1470049_father.wav,0.43510204081632653,father
1470049,./assets/audio_train/1470049_worker.wav,0.39365079365079364,worker
1470051,./assets/audio_train/1470051_water.wav,0.36707482993197277,water
1470062,./assets/audio_train/1470062_flowers.wav,0.48766439909297055,flowers
1470066,./assets/audio_train/1470066_apples.wav,0.47183673469387755,apples
1480049,./assets/audio_train/1480049_father.wav,0.5464399092970521,father
1480049,./assets/audio_train/1480049_worker.wav,0.5312925170068027,worker
1480051,./assets/audio_train/1480051_water.wav,0.4454421768707483,water
1480062,./assets/audio_train/1480062_flowers.wav,0.8485714285714285,flowers
1480066,./assets/audio_train/1480066_apples.wav,0.5146031746031746,apples
1580049,./assets/audio_train/1580049_father.wav,0.3629478458049887,father
1580049,./assets/audio_train/1580049_worker.wav,0.5513378684807256,worker
1580051,./assets/audio_train/1580051_water.wav,0.48975056689342406,water
1580062,./assets/audio_train/1580062_flowers.wav,0.8241269841269842,flowers
1580066,./assets/audio_train/1580066_apples.wav,0.6132879818594105,apples
1630049,./assets/audio_train/1630049_father.wav,0.38752834467120184,father
1630049,./assets/audio_train/1630049_worker.wav,0.5939682539682539,worker
1630051,./assets/audio_train/1630051_water.wav,0.47551020408163264,water
1630062,./assets/audio_train/1630062_flowers.wav,0.6245351473922902,flowers
1630066,./assets/audio_train/1630066_apples.wav,0.8024489795918367,apples
1660049,./assets/audio_train/1660049_father.wav,0.5040816326530613,father
1660049,./assets/audio_train/1660049_worker.wav,0.5418140589569161,worker
1660051,./assets/audio_train/1660051_water.wav,0.44040816326530613,water
1660062,./assets/audio_train/1660062_flowers.wav,0.5372789115646258,flowers
1660066,./assets/audio_train/1660066_apples.wav,0.5600907029478458,apples
1670049,./assets/audio_train/1670049_father.wav,0.34739229024943313,father
1670049,./assets/audio_train/1670049_worker.wav,0.5721995464852607,worker
1670051,./assets/audio_train/1670051_water.wav,0.45337868480725624,water
1670062,./assets/audio_train/1670062_flowers.wav,0.4621315192743764,flowers
1670066,./assets/audio_train/1670066_apples.wav,0.46122448979591835,apples
1800049,./assets/audio_train/1800049_father.wav,0.45120181405895693,father
1800049,./assets/audio_train/1800049_worker.wav,0.4234467120181406,worker
1800051,./assets/audio_train/1800051_water.wav,0.4000907029478458,water
1800062,./assets/audio_train/1800062_flowers.wav,0.3956916099773243,flowers
1800066,./assets/audio_train/1800066_apples.wav,0.3776417233560091,apples
1810049,./assets/audio_train/1810049_father.wav,0.465578231292517,father
1810049,./assets/audio_train/1810049_worker.wav,0.5108843537414965,worker
1810051,./assets/audio_train/1810051_water.wav,0.44204081632653064,water
1810062,./assets/audio_train/1810062_flowers.wav,0.5264399092970522,flowers
1810066,./assets/audio_train/1810066_apples.wav,0.48272108843537415,apples
1850049,./assets/audio_train/1850049_father.wav,0.5424489795918367,father
1850049,./assets/audio_train/1850049_worker.wav,0.6347845804988662,worker
1850051,./assets/audio_train/1850051_water.wav,0.5272108843537415,water
1850062,./assets/audio_train/1850062_flowers.wav,0.613514739229025,flowers
1850066,./assets/audio_train/1850066_apples.wav,0.5658956916099773,apples
1870049,./assets/audio_train/1870049_father.wav,0.42689342403628117,father
1870049,./assets/audio_train/1870049_worker.wav,0.5589115646258503,worker
1870051,./assets/audio_train/1870051_water.wav,0.36376417233560093,water
1870062,./assets/audio_train/1870062_flowers.wav,0.9652607709750567,flowers
1870066,./assets/audio_train/1870066_apples.wav,0.6453968253968254,apples
1880049,./assets/audio_train/1880049_father.wav,0.35913832199546486,father
1880049,./assets/audio_train/1880049_worker.wav,0.4325170068027211,worker
1880051,./assets/audio_train/1880051_water.wav,0.3616326530612245,water
1880062,./assets/audio_train/1880062_flowers.wav,0.4151927437641723,flowers
1880066,./assets/audio_train/1880066_apples.wav,0.4398185941043084,apples
1910049,./assets/audio_train/1910049_father.wav,0.40453514739229024,father
1910049,./assets/audio_train/1910049_worker.wav,0.5087074829931972,worker
1910051,./assets/audio_train/1910051_water.wav,0.3943764172335601,water
1910062,./assets/audio_train/1910062_flowers.wav,0.483718820861678,flowers
1910066,./assets/audio_train/1910066_apples.wav,0.551156462585034,apples
1940049,./assets/audio_train/1940049_father.wav,0.2840362811791383,father
1940049,./assets/audio_train/1940049_worker.wav,0.44675736961451246,worker
1940051,./assets/audio_train/1940051_water.wav,0.3520634920634921,water
1940062,./assets/audio_train/1940062_flowers.wav,0.3961451247165533,flowers
1940066,./assets/audio_train/1940066_apples.wav,0.38222222222222224,apples
1950049,./assets/audio_train/1950049_father.wav,0.5502040816326531,father
1950049,./assets/audio_train/1950049_worker.wav,0.45387755102040817,worker
1950051,./assets/audio_train/1950051_water.wav,0.5682086167800453,water
1950062,./assets/audio_train/1950062_flowers.wav,0.590204081632653,flowers
1950066,./assets/audio_train/1950066_apples.wav,0.5782312925170068,apples
1970049,./assets/audio_train/1970049_father.wav,0.3113832199546485,father
1970049,./assets/audio_train/1970049_worker.wav,0.5121995464852608,worker
1970051,./assets/audio_train/1970051_water.wav,0.3612698412698413,water
1970062,./assets/audio_train/1970062_flowers.wav,0.5755102040816327,flowers
1970066,./assets/audio_train/1970066_apples.wav,0.45102040816326533,apples
1980049,./assets/audio_train/1980049_father.wav,0.5732879818594104,father
1980049,./assets/audio_train/1980049_worker.wav,0.4803174603174603,worker
1980051,./assets/audio_train/1980051_water.wav,0.5331065759637188,water
1980062,./assets/audio_train/1980062_flowers.wav,0.7151473922902495,flowers
1980066,./assets/audio_train/1980066_apples.wav,0.5770975056689343,apples
2030049,./assets/audio_train/2030049_father.wav,0.36244897959183675,father
2030049,./assets/audio_train/2030049_worker.wav,0.43333333333333335,worker
2030051,./assets/audio_train/2030051_water.wav,0.6163265306122448,water
2030062,./assets/audio_train/2030062_flowers.wav,0.3941950113378685,flowers
2030066,./assets/audio_train/2030066_apples.wav,0.7113378684807257,apples
2050049,./assets/audio_train/2050049_father.wav,0.34258503401360546,father
2050049,./assets/audio_train/2050049_worker.wav,0.5267120181405895,worker
2050051,./assets/audio_train/2050051_water.wav,0.3672562358276644,water
2050062,./assets/audio_train/2050062_flowers.wav,0.47278911564625853,flowers
2050066,./assets/audio_train/2050066_apples.wav,0.68,apples
2070049,./assets/audio_train/2070049_father.wav,0.47015873015873016,father
2070049,./assets/audio_train/2070049_worker.wav,0.4886621315192744,worker
2070051,./assets/audio_train/2070051_water.wav,0.4751927437641723,water
2070062,./assets/audio_train/2070062_flowers.wav,0.5319727891156463,flowers
2070066,./assets/audio_train/2070066_apples.wav,0.4377324263038549,apples
2120049,./assets/audio_train/2120049_father.wav,0.3067573696145125,father
2120049,./assets/audio_train/2120049_worker.wav,0.4412244897959184,worker
2120051,./assets/audio_train/2120051_water.wav,0.29628117913832197,water
2120062,./assets/audio_train/2120062_flowers.wav,0.41741496598639455,flowers
2120066,./assets/audio_train/2120066_apples.wav,0.44952380952380955,apples
2140049,./assets/audio_train/2140049_father.wav,0.4329705215419501,father
2140049,./assets/audio_train/2140049_worker.wav,0.5049433106575963,worker
2140051,./assets/audio_train/2140051_water.wav,0.4059410430839002,water
2140062,./assets/audio_train/2140062_flowers.wav,0.44970521541950115,flowers
2140066,./assets/audio_train/2140066_apples.wav,0.4855328798185941,apples
2190049,./assets/audio_train/2190049_father.wav,0.45709750566893426,father
2190049,./assets/audio_train/2190049_worker.wav,0.4247619047619048,worker
2190051,./assets/audio_train/2190051_water.wav,0.3673469387755102,water
2190062,./assets/audio_train/2190062_flowers.wav,0.5279818594104309,flowers
2190066,./assets/audio_train/2190066_apples.wav,0.5328344671201815,apples
2260049,./assets/audio_train/2260049_father.wav,0.3198185941043084,father
2260049,./assets/audio_train/2260049_worker.wav,0.45696145124716553,worker
2260051,./assets/audio_train/2260051_water.wav,0.26684807256235826,water
2260062,./assets/audio_train/2260062_flowers.wav,0.4039455782312925,flowers
2260066,./assets/audio_train/2260066_apples.wav,0.40285714285714286,apples
2280049,./assets/audio_train/2280049_father.wav,0.5136054421768708,father
2280049,./assets/audio_train/2280049_worker.wav,0.5708390022675737,worker
2280051,./assets/audio_train/2280051_water.wav,0.47959183673469385,water
2280062,./assets/audio_train/2280062_flowers.wav,0.5360997732426304,flowers
2280066,./assets/audio_train/2280066_apples.wav,0.5236281179138322,apples
2320049,./assets/audio_train/2320049_father.wav,0.49020408163265305,father
2320049,./assets/audio_train/2320049_worker.wav,0.4566439909297052,worker
2320051,./assets/audio_train/2320051_water.wav,0.4759637188208617,water
2320062,./assets/audio_train/2320062_flowers.wav,0.6093877551020408,flowers
2320066,./assets/audio_train/2320066_apples.wav,0.5886621315192744,apples
2430049,./assets/audio_train/2430049_father.wav,0.3820408163265306,father
2430049,./assets/audio_train/2430049_worker.wav,0.46965986394557824,worker
2430051,./assets/audio_train/2430051_water.wav,0.3633560090702948,water
2430062,./assets/audio_train/2430062_flowers.wav,0.4944671201814059,flowers
2430066,./assets/audio_train/2430066_apples.wav,0.41514739229024944,apples
2430153,./assets/audio_train/2430153_father.wav,0.5531519274376417,father
2490049,./assets/audio_train/2490049_father.wav,0.37514739229024946,father
2490049,./assets/audio_train/2490049_worker.wav,0.5377777777777778,worker
2490051,./assets/audio_train/2490051_water.wav,0.5806349206349206,water
2490062,./assets/audio_train/2490062_flowers.wav,0.593015873015873,flowers
2490066,./assets/audio_train/2490066_apples.wav,0.5100226757369615,apples
2540049,./assets/audio_train/2540049_father.wav,0.42916099773242633,father
2540049,./assets/audio_train/2540049_worker.wav,0.48444444444444446,worker
2540051,./assets/audio_train/2540051_water.wav,0.378140589569161,water
2540062,./assets/audio_train/2540062_flowers.wav,0.4559183673469388,flowers
2540066,./assets/audio_train/2540066_apples.wav,0.5196371882086168,apples
2560049,./assets/audio_train/2560049_father.wav,0.34820861678004533,father
2560049,./assets/audio_train/2560049_worker.wav,0.46426303854875284,worker
2560051,./assets/audio_train/2560051_water.wav,0.39337868480725624,water
2560062,./assets/audio_train/2560062_flowers.wav,0.4961451247165533,flowers
2560066,./assets/audio_train/2560066_apples.wav,0.44054421768707486,apples
2600049,./assets/audio_train/2600049_father.wav,0.5449433106575964,father
2600049,./assets/audio_train/2600049_worker.wav,0.626077097505669,worker
2600051,./assets/audio_train/2600051_water.wav,0.5174603174603175,water
2600062,./assets/audio_train/2600062_flowers.wav,0.6303401360544217,flowers
2600066,./assets/audio_train/2600066_apples.wav,0.6604081632653062,apples
2610049,./assets/audio_train/2610049_father.wav,0.46766439909297053,father
2610049,./assets/audio_train/2610049_worker.wav,0.4475736961451247,worker
2610051,./assets/audio_train/2610051_water.wav,0.5267120181405895,water
2610062,./assets/audio_train/2610062_flowers.wav,0.813968253968254,flowers
2610066,./assets/audio_train/2610066_apples.wav,0.6851700680272109,apples
2620049,./assets/audio_train/2620049_father.wav,0.43945578231292515,father
2620049,./assets/audio_train/2620049_worker.wav,0.5568253968253968,worker
2620051,./assets/audio_train/2620051_water.wav,0.367891156462585,water
2620062,./assets/audio_train/2620062_flowers.wav,0.4797732426303855,flowers
2620066,./assets/audio_train/2620066_apples.wav,0.4926077097505669,apples
2670049,./assets/audio_train/2670049_father.wav,0.5165986394557823,father
2670049,./assets/audio_train/2670049_worker.wav,0.4219501133786848,worker
2670051,./assets/audio_train/2670051_water.wav,0.3305668934240363,water
2670062,./assets/audio_train/2670062_flowers.wav,0.5434013605442177,flowers
2670066,./assets/audio_train/2670066_apples.wav,0.47496598639455784,apples
2700049,./assets/audio_train/2700049_father.wav,0.4726530612244898,father
2700049,./assets/audio_train/2700049_worker.wav,0.5631292517006803,worker
2700051,./assets/audio_train/2700051_water.wav,0.5072108843537415,water
2700062,./assets/audio_train/2700062_flowers.wav,0.7167800453514739,flowers
2700066,./assets/audio_train/2700066_apples.wav,0.5687074829931973,apples
2700226,./assets/audio_train/2700226_water.wav,0.5295238095238095,water
2750049,./assets/audio_train/2750049_father.wav,0.4323356009070295,father
2750049,./assets/audio_train/2750049_worker.wav,0.5516553287981859,worker
2750051,./assets/audio_train/2750051_water.wav,0.6189115646258503,water
2750062,./assets/audio_train/2750062_flowers.wav,0.42689342403628117,flowers
2750066,./assets/audio_train/2750066_apples.wav,0.5558276643990929,apples
2760049,./assets/audio_train/2760049_father.wav,0.4234013605442177,father
2760049,./assets/audio_train/2760049_worker.wav,0.5165986394557823,worker
2760051,./assets/audio_train/2760051_water.wav,0.4104761904761905,water
2760062,./assets/audio_train/2760062_flowers.wav,0.49741496598639456,flowers
2760066,./assets/audio_train/2760066_apples.wav,0.4029024943310658,apples
2790049,./assets/audio_train/2790049_father.wav,0.46820861678004533,father
2790049,./assets/audio_train/2790049_worker.wav,0.5897505668934241,worker
2790051,./assets/audio_train/2790051_water.wav,0.3857596371882086,water
2790062,./assets/audio_train/2790062_flowers.wav,0.5693877551020409,flowers
2790066,./assets/audio_train/2790066_apples.wav,0.4528344671201814,apples
2800049,./assets/audio_train/2800049_father.wav,0.4050793650793651,father
2800049,./assets/audio_train/2800049_worker.wav,0.5954648526077098,worker
2800051,./assets/audio_train/2800051_water.wav,0.5165079365079365,water
2800062,./assets/audio_train/2800062_flowers.wav,0.5354648526077097,flowers
2800066,./assets/audio_train/2800066_apples.wav,0.5411337868480726,apples
2910049,./assets/audio_train/2910049_father.wav,0.556780045351474,father
2910049,./assets/audio_train/2910049_worker.wav,0.6536507936507937,worker
2910051,./assets/audio_train/2910051_water.wav,0.4579138321995465,water
2910062,./assets/audio_train/2910062_flowers.wav,0.7700226757369615,flowers
2910066,./assets/audio_train/2910066_apples.wav,0.7219501133786848,apples
2920049,./assets/audio_train/2920049_father.wav,0.3457142857142857,father
2920049,./assets/audio_train/2920049_worker.wav,0.41750566893424035,worker
2920051,./assets/audio_train/2920051_water.wav,0.33782312925170066,water
2920062,./assets/audio_train/2920062_flowers.wav,0.41900226757369613,flowers
2920066,./assets/audio_train/2920066_apples.wav,0.5204081632653061,apples
2930049,./assets/audio_train/2930049_father.wav,0.3708390022675737,father
2930049,./assets/audio_train/2930049_worker.wav,0.5164172335600907,worker
2930051,./assets/audio_train/2930051_water.wav,0.4642176870748299,water
2930062,./assets/audio_train/2930062_flowers.wav,0.4875283446712018,flowers
2930066,./assets/audio_train/2930066_apples.wav,0.3794104308390023,apples
2940049,./assets/audio_train/2940049_father.wav,0.4417687074829932,father
2940049,./assets/audio_train/2940049_worker.wav,0.4121541950113379,worker
2940051,./assets/audio_train/2940051_water.wav,0.6010884353741497,water
2940062,./assets/audio_train/2940062_flowers.wav,0.5253514739229025,flowers
2940066,./assets/audio_train/2940066_apples.wav,0.5078458049886622,apples
2970049,./assets/audio_train/2970049_father.wav,0.4232199546485261,father
2970049,./assets/audio_train/2970049_worker.wav,0.6849433106575964,worker
2970051,./assets/audio_train/2970051_water.wav,0.38476190476190475,water
2970062,./assets/audio_train/2970062_flowers.wav,0.5151927437641723,flowers
2970066,./assets/audio_train/2970066_apples.wav,0.5238548752834468,apples
30008,./assets/audio_train/30008_flowers.wav,0.5308390022675737,flowers
30009,./assets/audio_train/30009_father.wav,0.3695691609977324,father
30009,./assets/audio_train/30009_worker.wav,0.4964172335600907,worker
30034,./assets/audio_train/30034_apples.wav,0.41678004535147395,apples
30095,./assets/audio_train/30095_water.wav,0.2503401360544218,water
3030049,./assets/audio_train/3030049_father.wav,0.6529705215419501,father
3030049,./assets/audio_train/3030049_worker.wav,0.7138321995464852,worker
3030051,./assets/audio_train/3030051_water.wav,0.6027210884353742,water
3030062,./assets/audio_train/3030062_flowers.wav,0.5387755102040817,flowers
3030066,./assets/audio_train/3030066_apples.wav,0.5059410430839002,apples
3050049,./assets/audio_train/3050049_father.wav,0.4909750566893424,father
3050049,./assets/audio_train/3050049_worker.wav,0.5634467120181406,worker
3050051,./assets/audio_train/3050051_water.wav,0.4227664399092971,water
3050062,./assets/audio_train/3050062_flowers.wav,0.4545124716553288,flowers
3050066,./assets/audio_train/3050066_apples.wav,0.41052154195011337,apples
3060049,./assets/audio_train/3060049_father.wav,0.44571428571428573,father
3060049,./assets/audio_train/3060049_worker.wav,0.6222675736961452,worker
3060051,./assets/audio_train/3060051_water.wav,0.4765079365079365,water
3060062,./assets/audio_train/3060062_flowers.wav,0.5177777777777778,flowers
3060066,./assets/audio_train/3060066_apples.wav,0.4542857142857143,apples
3060246,./assets/audio_train/3060246_worker.wav,0.3948299319727891,worker
3120049,./assets/audio_train/3120049_father.wav,0.4653968253968254,father
3120049,./assets/audio_train/3120049_worker.wav,0.5877551020408164,worker
3120051,./assets/audio_train/3120051_water.wav,0.4551473922902494,water
3120062,./assets/audio_train/3120062_flowers.wav,0.6126077097505669,flowers
3120066,./assets/audio_train/3120066_apples.wav,0.6343310657596372,apples
3150049,./assets/audio_train/3150049_father.wav,0.4002267573696145,father
3150049,./assets/audio_train/3150049_worker.wav,0.45129251700680273,worker
3150051,./assets/audio_train/3150051_water.wav,0.35777777777777775,water
3150062,./assets/audio_train/3150062_flowers.wav,0.6289795918367347,flowers
3150066,./assets/audio_train/3150066_apples.wav,0.540453514739229,apples
3190049,./assets/audio_train/3190049_father.wav,0.4503854875283447,father
3190049,./assets/audio_train/3190049_worker.wav,0.4503854875283447,worker
3190051,./assets/audio_train/3190051_water.wav,0.46485260770975056,water
3190062,./assets/audio_train/3190062_flowers.wav,0.41487528344671204,flowers
3190066,./assets/audio_train/3190066_apples.wav,0.5303854875283447,apples
3230049,./assets/audio_train/3230049_father.wav,0.2692063492063492,father
3230049,./assets/audio_train/3230049_worker.wav,0.4307936507936508,worker
3230051,./assets/audio_train/3230051_water.wav,0.3177324263038549,water
3230062,./assets/audio_train/3230062_flowers.wav,0.42575963718820864,flowers
3230066,./assets/audio_train/3230066_apples.wav,0.3765079365079365,apples
3240049,./assets/audio_train/3240049_father.wav,0.4327891156462585,father
3240049,./assets/audio_train/3240049_worker.wav,0.5770975056689343,worker
3240051,./assets/audio_train/3240051_water.wav,0.45732426303854873,water
3240062,./assets/audio_train/3240062_flowers.wav,0.5754648526077097,flowers
3240066,./assets/audio_train/3240066_apples.wav,0.5489795918367347,apples
3280049,./assets/audio_train/3280049_father.wav,0.4220408163265306,father
3280049,./assets/audio_train/3280049_worker.wav,0.5151927437641723,worker
3280051,./assets/audio_train/3280051_water.wav,0.41546485260770977,water
3280062,./assets/audio_train/3280062_flowers.wav,0.8565079365079366,flowers
3280066,./assets/audio_train/3280066_apples.wav,0.5863945578231292,apples
3310049,./assets/audio_train/3310049_father.wav,0.4039455782312925,father
3310049,./assets/audio_train/3310049_worker.wav,0.53859410430839,worker
3310051,./assets/audio_train/3310051_water.wav,0.4890702947845805,water
3310062,./assets/audio_train/3310062_flowers.wav,0.5302040816326531,flowers
3310066,./assets/audio_train/3310066_apples.wav,0.5357823129251701,apples
3320049,./assets/audio_train/3320049_father.wav,0.3520634920634921,father
3320049,./assets/audio_train/3320049_worker.wav,0.44204081632653064,worker
3320051,./assets/audio_train/3320051_water.wav,0.34947845804988664,water
3320062,./assets/audio_train/3320062_flowers.wav,0.45387755102040817,flowers
3320066,./assets/audio_train/3320066_apples.wav,0.4255328798185941,apples
3400049,./assets/audio_train/3400049_father.wav,0.3660770975056689,father
3400049,./assets/audio_train/3400049_worker.wav,0.4894784580498866,worker
3400051,./assets/audio_train/3400051_water.wav,0.38825396825396824,water
3400062,./assets/audio_train/3400062_flowers.wav,0.4165986394557823,flowers
3400066,./assets/audio_train/3400066_apples.wav,0.482312925170068,apples
3440049,./assets/audio_train/3440049_father.wav,0.33206349206349206,father
3440049,./assets/audio_train/3440049_worker.wav,0.48444444444444446,worker
3440051,./assets/audio_train/3440051_water.wav,0.38807256235827664,water
3440062,./assets/audio_train/3440062_flowers.wav,0.44802721088435377,flowers
3440066,./assets/audio_train/3440066_apples.wav,0.430702947845805,apples
3520049,./assets/audio_train/3520049_father.wav,0.6070294784580499,father
3520049,./assets/audio_train/3520049_worker.wav,0.473968253968254,worker
3520051,./assets/audio_train/3520051_water.wav,0.43197278911564624,water
3520062,./assets/audio_train/3520062_flowers.wav,0.5318820861678004,flowers
3520066,./assets/audio_train/3520066_apples.wav,0.5203174603174603,apples
3550049,./assets/audio_train/3550049_father.wav,0.2565079365079365,father
3550049,./assets/audio_train/3550049_worker.wav,0.4118820861678005,worker
3550051,./assets/audio_train/3550051_water.wav,0.27328798185941044,water
3550062,./assets/audio_train/3550062_flowers.wav,0.47015873015873016,flowers
3550066,./assets/audio_train/3550066_apples.wav,0.46834467120181406,apples
3610049,./assets/audio_train/3610049_father.wav,0.34303854875283446,father
3610049,./assets/audio_train/3610049_worker.wav,0.4062131519274376,worker
3610051,./assets/audio_train/3610051_water.wav,0.35034013605442177,water
3610062,./assets/audio_train/3610062_flowers.wav,0.5207256235827664,flowers
3610066,./assets/audio_train/3610066_apples.wav,0.3968253968253968,apples
3630049,./assets/audio_train/3630049_father.wav,0.260453514739229,father
3630049,./assets/audio_train/3630049_worker.wav,0.3605895691609977,worker
3630051,./assets/audio_train/3630051_water.wav,0.3630385487528345,water
3630062,./assets/audio_train/3630062_flowers.wav,0.45360544217687077,flowers
3630066,./assets/audio_train/3630066_apples.wav,0.4180952380952381,apples
3650049,./assets/audio_train/3650049_father.wav,0.33129251700680273,father
3650049,./assets/audio_train/3650049_worker.wav,0.4527891156462585,worker
3650051,./assets/audio_train/3650051_water.wav,0.4093424036281179,water
3650062,./assets/audio_train/3650062_flowers.wav,0.5790022675736961,flowers
3650066,./assets/audio_train/3650066_apples.wav,0.4609070294784581,apples
3700049,./assets/audio_train/3700049_father.wav,0.40956916099773244,father
3700049,./assets/audio_train/3700049_worker.wav,0.39301587301587304,worker
3700051,./assets/audio_train/3700051_water.wav,0.38090702947845806,water
3700062,./assets/audio_train/3700062_flowers.wav,0.6559183673469388,flowers
3700066,./assets/audio_train/3700066_apples.wav,0.4712018140589569,apples
3810049,./assets/audio_train/3810049_father.wav,0.37020408163265306,father
3810049,./assets/audio_train/3810049_worker.wav,0.46058956916099775,worker
3810051,./assets/audio_train/3810051_water.wav,0.44022675736961453,water
3810062,./assets/audio_train/3810062_flowers.wav,0.5143764172335601,flowers
3810066,./assets/audio_train/3810066_apples.wav,0.43229024943310657,apples
3830049,./assets/audio_train/3830049_father.wav,0.36108843537414964,father
3830049,./assets/audio_train/3830049_worker.wav,0.4437641723356009,worker
3830051,./assets/audio_train/3830051_water.wav,0.36244897959183675,water
3830062,./assets/audio_train/3830062_flowers.wav,0.4742857142857143,flowers
3830066,./assets/audio_train/3830066_apples.wav,0.47941043083900226,apples
3880049,./assets/audio_train/3880049_father.wav,0.3969160997732426,father
3880049,./assets/audio_train/3880049_worker.wav,0.5822222222222222,worker
3880051,./assets/audio_train/3880051_water.wav,0.44204081632653064,water
3880062,./assets/audio_train/3880062_flowers.wav,0.50140589569161,flowers
3880066,./assets/audio_train/3880066_apples.wav,0.5002267573696145,apples
3940049,./assets/audio_train/3940049_father.wav,0.2913378684807256,father
3940049,./assets/audio_train/3940049_worker.wav,0.44643990929705213,worker
3940051,./assets/audio_train/3940051_water.wav,0.3905215419501134,water
3940062,./assets/audio_train/3940062_flowers.wav,0.5045804988662131,flowers
3940066,./assets/audio_train/3940066_apples.wav,0.43315192743764175,apples
3950049,./assets/audio_train/3950049_father.wav,0.307437641723356,father
3950049,./assets/audio_train/3950049_worker.wav,0.4126077097505669,worker
3950051,./assets/audio_train/3950051_water.wav,0.31133786848072564,water
3950062,./assets/audio_train/3950062_flowers.wav,0.496281179138322,flowers
3950066,./assets/audio_train/3950066_apples.wav,0.387437641723356,apples
3980049,./assets/audio_train/3980049_father.wav,0.47351473922902493,father
3980049,./assets/audio_train/3980049_worker.wav,0.5045351473922902,worker
3980051,./assets/audio_train/3980051_water.wav,0.4452154195011338,water
3980062,./assets/audio_train/3980062_flowers.wav,0.6587755102040816,flowers
3980066,./assets/audio_train/3980066_apples.wav,0.5443990929705216,apples
4000049,./assets/audio_train/4000049_father.wav,0.3895691609977324,father
4000049,./assets/audio_train/4000049_worker.wav,0.39183673469387753,worker
4000051,./assets/audio_train/4000051_water.wav,0.35183673469387755,water
4000062,./assets/audio_train/4000062_flowers.wav,0.4633560090702948,flowers
4000066,./assets/audio_train/4000066_apples.wav,0.5024489795918368,apples
4050049,./assets/audio_train/4050049_father.wav,0.4093424036281179,father
4050049,./assets/audio_train/4050049_worker.wav,0.5290702947845805,worker
4050051,./assets/audio_train/4050051_water.wav,0.46634920634920635,water
4050062,./assets/audio_train/4050062_flowers.wav,0.5578231292517006,flowers
4050066,./assets/audio_train/4050066_apples.wav,0.5065759637188209,apples
4110049,./assets/audio_train/4110049_father.wav,0.5001360544217687,father
4110049,./assets/audio_train/4110049_worker.wav,0.4551473922902494,worker
4110051,./assets/audio_train/4110051_water.wav,0.38857142857142857,water
4110062,./assets/audio_train/4110062_flowers.wav,0.47827664399092973,flowers
4110066,./assets/audio_train/4110066_apples.wav,0.6006349206349206,apples
4110374,./assets/audio_train/4110374_worker.wav,0.3492063492063492,worker
4130049,./assets/audio_train/4130049_father.wav,0.32108843537414966,father
4130049,./assets/audio_train/4130049_worker.wav,0.44684807256235826,worker
4130051,./assets/audio_train/4130051_water.wav,0.38063492063492066,water
4130062,./assets/audio_train/4130062_flowers.wav,0.5544671201814059,flowers
4130066,./assets/audio_train/4130066_apples.wav,0.5328798185941043,apples
4140049,./assets/audio_train/4140049_father.wav,0.3515192743764172,father
4140049,./assets/audio_train/4140049_worker.wav,0.3859410430839002,worker
4140051,./assets/audio_train/4140051_water.wav,0.42444444444444446,water
4140062,./assets/audio_train/4140062_flowers.wav,0.48848072562358275,flowers
4140066,./assets/audio_train/4140066_apples.wav,0.4954648526077097,apples
4170049,./assets/audio_train/4170049_father.wav,0.4063945578231293,father
4170049,./assets/audio_train/4170049_worker.wav,0.4273922902494331,worker
4170051,./assets/audio_train/4170051_water.wav,0.33396825396825397,water
4170062,./assets/audio_train/4170062_flowers.wav,0.4761451247165533,flowers
4170066,./assets/audio_train/4170066_apples.wav,0.4706575963718821,apples
4200049,./assets/audio_train/4200049_father.wav,0.2943764172335601,father
4200049,./assets/audio_train/4200049_worker.wav,0.3599546485260771,worker
4200051,./assets/audio_train/4200051_water.wav,0.2923809523809524,water
4200062,./assets/audio_train/4200062_flowers.wav,0.493469387755102,flowers
4200066,./assets/audio_train/4200066_apples.wav,0.4170975056689342,apples
4250049,./assets/audio_train/4250049_father.wav,0.4724716553287982,father
4250049,./assets/audio_train/4250049_worker.wav,0.5068934240362811,worker
4250051,./assets/audio_train/4250051_water.wav,0.31569160997732426,water
4250062,./assets/audio_train/4250062_flowers.wav,0.4963265306122449,flowers
4250066,./assets/audio_train/4250066_apples.wav,0.5035374149659864,apples
4270049,./assets/audio_train/4270049_father.wav,0.5600907029478458,father
4270049,./assets/audio_train/4270049_worker.wav,0.5777324263038549,worker
4270051,./assets/audio_train/4270051_water.wav,0.45378684807256237,water
4270062,./assets/audio_train/4270062_flowers.wav,0.5351473922902494,flowers
4270066,./assets/audio_train/4270066_apples.wav,0.4277097505668934,apples
4310049,./assets/audio_train/4310049_father.wav,0.3873469387755102,father
4310049,./assets/audio_train/4310049_worker.wav,0.45120181405895693,worker
4310051,./assets/audio_train/4310051_water.wav,0.35333333333333333,water
4310062,./assets/audio_train/4310062_flowers.wav,0.5272562358276645,flowers
4310066,./assets/audio_train/4310066_apples.wav,0.4541043083900227,apples
4380049,./assets/audio_train/4380049_father.wav,0.3763265306122449,father
4380049,./assets/audio_train/4380049_worker.wav,0.48253968253968255,worker
4380051,./assets/audio_train/4380051_water.wav,0.46253968253968253,water
4380062,./assets/audio_train/4380062_flowers.wav,0.6713832199546486,flowers
4380066,./assets/audio_train/4380066_apples.wav,0.482312925170068,apples
4390049,./assets/audio_train/4390049_father.wav,0.49945578231292515,father
4390049,./assets/audio_train/4390049_worker.wav,0.5087074829931972,worker
4390051,./assets/audio_train/4390051_water.wav,0.4985034013605442,water
4390062,./assets/audio_train/4390062_flowers.wav,0.8411337868480726,flowers
4390066,./assets/audio_train/4390066_apples.wav,0.6470294784580499,apples
4460049,./assets/audio_train/4460049_father.wav,0.32077097505668933,father
4460049,./assets/audio_train/4460049_worker.wav,0.45383219954648524,worker
4460051,./assets/audio_train/4460051_water.wav,0.40825396825396826,water
4460062,./assets/audio_train/4460062_flowers.wav,0.4288888888888889,flowers
4460066,./assets/audio_train/4460066_apples.wav,0.4326530612244898,apples
4550049,./assets/audio_train/4550049_father.wav,0.6659410430839002,father
4550049,./assets/audio_train/4550049_worker.wav,0.48507936507936505,worker
4550051,./assets/audio_train/4550051_water.wav,0.4029024943310658,water
4550062,./assets/audio_train/4550062_flowers.wav,0.8642630385487529,flowers
4550066,./assets/audio_train/4550066_apples.wav,0.6248526077097506,apples
4630049,./assets/audio_train/4630049_father.wav,0.3728798185941043,father
4630049,./assets/audio_train/4630049_worker.wav,0.5369614512471655,worker
4630062,./assets/audio_train/4630062_flowers.wav,0.6050793650793651,flowers
4630066,./assets/audio_train/4630066_apples.wav,0.44616780045351473,apples
4660049,./assets/audio_train/4660049_father.wav,0.5792290249433106,father
4660049,./assets/audio_train/4660049_worker.wav,0.5971428571428572,worker
4660051,./assets/audio_train/4660051_water.wav,0.34947845804988664,water
4660062,./assets/audio_train/4660062_flowers.wav,0.5995011337868481,flowers
4660066,./assets/audio_train/4660066_apples.wav,0.5617687074829932,apples
4680049,./assets/audio_train/4680049_father.wav,0.30775510204081635,father
4680049,./assets/audio_train/4680049_worker.wav,0.44240362811791384,worker
4680051,./assets/audio_train/4680051_water.wav,0.25265306122448977,water
4680062,./assets/audio_train/4680062_flowers.wav,0.5982766439909297,flowers
4680066,./assets/audio_train/4680066_apples.wav,0.41931972789115646,apples
4730049,./assets/audio_train/4730049_father.wav,0.400453514739229,father
4730049,./assets/audio_train/4730049_worker.wav,0.4489795918367347,worker
4730051,./assets/audio_train/4730051_water.wav,0.345578231292517,water
4730062,./assets/audio_train/4730062_flowers.wav,0.39895691609977324,flowers
4730066,./assets/audio_train/4730066_apples.wav,0.38857142857142857,apples
4740049,./assets/audio_train/4740049_father.wav,0.4757823129251701,father
4740049,./assets/audio_train/4740049_worker.wav,0.4663945578231293,worker
4740051,./assets/audio_train/4740051_water.wav,0.58,water
4740062,./assets/audio_train/4740062_flowers.wav,0.7133333333333334,flowers
4740066,./assets/audio_train/4740066_apples.wav,0.6615873015873016,apples
4810049,./assets/audio_train/4810049_father.wav,0.3547845804988662,father
4810049,./assets/audio_train/4810049_worker.wav,0.4507936507936508,worker
4810051,./assets/audio_train/4810051_water.wav,0.35741496598639455,water
4810062,./assets/audio_train/4810062_flowers.wav,0.4805895691609977,flowers
4810066,./assets/audio_train/4810066_apples.wav,0.5131519274376417,apples
4860049,./assets/audio_train/4860049_father.wav,0.38857142857142857,father
4860049,./assets/audio_train/4860049_worker.wav,0.48090702947845804,worker
4860051,./assets/audio_train/4860051_water.wav,0.39700680272108846,water
4860062,./assets/audio_train/4860062_flowers.wav,0.4400907029478458,flowers
4860066,./assets/audio_train/4860066_apples.wav,0.41365079365079366,apples
4910049,./assets/audio_train/4910049_father.wav,0.5656689342403628,father
4910049,./assets/audio_train/4910049_worker.wav,0.5315192743764172,worker
4910051,./assets/audio_train/4910051_water.wav,0.5441269841269841,water
4910062,./assets/audio_train/4910062_flowers.wav,0.7073469387755102,flowers
4910066,./assets/audio_train/4910066_apples.wav,0.6355102040816326,apples
4960049,./assets/audio_train/4960049_father.wav,0.44643990929705213,father
4960049,./assets/audio_train/4960049_worker.wav,0.48984126984126986,worker
4960051,./assets/audio_train/4960051_water.wav,0.3236281179138322,water
4960062,./assets/audio_train/4960062_flowers.wav,0.5092063492063492,flowers
4960066,./assets/audio_train/4960066_apples.wav,0.370702947845805,apples
5020049,./assets/audio_train/5020049_father.wav,0.42653061224489797,father
5020049,./assets/audio_train/5020049_worker.wav,0.46643990929705215,worker
5020051,./assets/audio_train/5020051_water.wav,0.4112018140589569,water
5020062,./assets/audio_train/5020062_flowers.wav,0.6349659863945578,flowers
5020066,./assets/audio_train/5020066_apples.wav,0.5457596371882086,apples
5030049,./assets/audio_train/5030049_father.wav,0.3321995464852608,father
5030049,./assets/audio_train/5030049_worker.wav,0.45120181405895693,worker
5030051,./assets/audio_train/5030051_water.wav,0.43682539682539684,water
5030062,./assets/audio_train/5030062_flowers.wav,0.563265306122449,flowers
5030066,./assets/audio_train/5030066_apples.wav,0.42104308390022677,apples
5080049,./assets/audio_train/5080049_father.wav,0.4790022675736961,father
5080049,./assets/audio_train/5080049_worker.wav,0.7677551020408163,worker
5080051,./assets/audio_train/5080051_water.wav,0.5088888888888888,water
5080062,./assets/audio_train/5080062_flowers.wav,0.4802267573696145,flowers
5080066,./assets/audio_train/5080066_apples.wav,0.4964172335600907,apples
5090049,./assets/audio_train/5090049_father.wav,0.3648526077097506,father
5090049,./assets/audio_train/5090049_worker.wav,0.436281179138322,worker
5090051,./assets/audio_train/5090051_water.wav,0.4204081632653061,water
5090062,./assets/audio_train/5090062_flowers.wav,0.4708390022675737,flowers
5090066,./assets/audio_train/5090066_apples.wav,0.4713378684807256,apples
5140049,./assets/audio_train/5140049_father.wav,0.407437641723356,father
5140049,./assets/audio_train/5140049_worker.wav,0.407437641723356,worker
5140051,./assets/audio_train/5140051_water.wav,0.38970521541950115,water
5140062,./assets/audio_train/5140062_flowers.wav,0.5160997732426303,flowers
5140066,./assets/audio_train/5140066_apples.wav,0.44095238095238093,apples
5200049,./assets/audio_train/5200049_father.wav,0.5015873015873016,father
5200049,./assets/audio_train/5200049_worker.wav,0.5015419501133787,worker
5200051,./assets/audio_train/5200051_water.wav,0.4797732426303855,water
5200062,./assets/audio_train/5200062_flowers.wav,0.58,flowers
5200066,./assets/audio_train/5200066_apples.wav,0.6132879818594105,apples
5300049,./assets/audio_train/5300049_father.wav,0.3143310657596372,father
5300049,./assets/audio_train/5300049_worker.wav,0.49396825396825395,worker
5300051,./assets/audio_train/5300051_water.wav,0.37727891156462584,water
5300062,./assets/audio_train/5300062_flowers.wav,0.47165532879818595,flowers
5300066,./assets/audio_train/5300066_apples.wav,0.519501133786848,apples
5310049,./assets/audio_train/5310049_father.wav,0.48575963718820864,father
5310049,./assets/audio_train/5310049_worker.wav,0.4204081632653061,worker
5310051,./assets/audio_train/5310051_water.wav,0.36263038548752835,water
5310062,./assets/audio_train/5310062_flowers.wav,0.5612698412698413,flowers
5310066,./assets/audio_train/5310066_apples.wav,0.4182312925170068,apples
5340049,./assets/audio_train/5340049_father.wav,0.3842630385487528,father
5340049,./assets/audio_train/5340049_worker.wav,0.4468934240362812,worker
5340051,./assets/audio_train/5340051_water.wav,0.36489795918367346,water
5340062,./assets/audio_train/5340062_flowers.wav,0.37528344671201813,flowers
5340066,./assets/audio_train/5340066_apples.wav,0.4257142857142857,apples
5390049,./assets/audio_train/5390049_father.wav,0.3544671201814059,father
5390049,./assets/audio_train/5390049_worker.wav,0.47015873015873016,worker
5390051,./assets/audio_train/5390051_water.wav,0.2126984126984127,water
5390062,./assets/audio_train/5390062_flowers.wav,0.5282539682539683,flowers
5390066,./assets/audio_train/5390066_apples.wav,0.3987301587301587,apples
5630049,./assets/audio_train/5630049_father.wav,0.3545124716553288,father
5630049,./assets/audio_train/5630049_worker.wav,0.5494784580498866,worker
5630051,./assets/audio_train/5630051_water.wav,0.36775510204081635,water
5630062,./assets/audio_train/5630062_flowers.wav,0.4710204081632653,flowers
5630066,./assets/audio_train/5630066_apples.wav,0.4998185941043084,apples
5650049,./assets/audio_train/5650049_father.wav,0.4662131519274376,father
5650049,./assets/audio_train/5650049_worker.wav,0.39319727891156464,worker
5650051,./assets/audio_train/5650051_water.wav,0.4232199546485261,water
5650062,./assets/audio_train/5650062_flowers.wav,0.678140589569161,flowers
5650066,./assets/audio_train/5650066_apples.wav,0.46040816326530615,apples
5660049,./assets/audio_train/5660049_father.wav,0.5262131519274377,father
5660049,./assets/audio_train/5660049_worker.wav,0.4946938775510204,worker
5660051,./assets/audio_train/5660051_water.wav,0.4380045351473923,water
5660062,./assets/audio_train/5660062_flowers.wav,0.5625396825396826,flowers
5660066,./assets/audio_train/5660066_apples.wav,0.5657142857142857,apples
5750049,./assets/audio_train/5750049_father.wav,0.3273922902494331,father
5750049,./assets/audio_train/5750049_worker.wav,0.5019501133786848,worker
5750051,./assets/audio_train/5750051_water.wav,0.45746031746031746,water
5750062,./assets/audio_train/5750062_flowers.wav,0.6234467120181406,flowers
5750066,./assets/audio_train/5750066_apples.wav,0.4267573696145125,apples
5770049,./assets/audio_train/5770049_father.wav,0.5245351473922902,father
5770049,./assets/audio_train/5770049_worker.wav,0.4450340136054422,worker
5770051,./assets/audio_train/5770051_water.wav,0.46113378684807255,water
5770062,./assets/audio_train/5770062_flowers.wav,0.6017687074829932,flowers
5770066,./assets/audio_train/5770066_apples.wav,0.5285714285714286,apples
5790049,./assets/audio_train/5790049_father.wav,0.4201360544217687,father
5790049,./assets/audio_train/5790049_worker.wav,0.4202267573696145,worker
5790051,./assets/audio_train/5790051_water.wav,0.4746031746031746,water
5790062,./assets/audio_train/5790062_flowers.wav,0.6780952380952381,flowers
5790066,./assets/audio_train/5790066_apples.wav,0.5253514739229025,apples
5810049,./assets/audio_train/5810049_father.wav,0.40965986394557824,father
5810049,./assets/audio_train/5810049_worker.wav,0.4119727891156463,worker
5810051,./assets/audio_train/5810051_water.wav,0.4119727891156463,water
5810062,./assets/audio_train/5810062_flowers.wav,0.5320181405895692,flowers
5810066,./assets/audio_train/5810066_apples.wav,0.4741496598639456,apples
5830049,./assets/audio_train/5830049_father.wav,0.5898866213151928,father
5830049,./assets/audio_train/5830049_worker.wav,0.5627664399092971,worker
5830051,./assets/audio_train/5830051_water.wav,0.5115646258503401,water
5830062,./assets/audio_train/5830062_flowers.wav,0.5857142857142857,flowers
5830066,./assets/audio_train/5830066_apples.wav,0.6322902494331065,apples
5850049,./assets/audio_train/5850049_father.wav,0.4174603174603175,father
5850049,./assets/audio_train/5850049_worker.wav,0.5280272108843538,worker
5850051,./assets/audio_train/5850051_water.wav,0.4380952380952381,water
5850062,./assets/audio_train/5850062_flowers.wav,0.5126077097505669,flowers
5850066,./assets/audio_train/5850066_apples.wav,0.49909297052154195,apples
5860049,./assets/audio_train/5860049_father.wav,0.6612244897959184,father
5860049,./assets/audio_train/5860049_worker.wav,0.5187301587301587,worker
5860051,./assets/audio_train/5860051_water.wav,0.5496598639455782,water
5860062,./assets/audio_train/5860062_flowers.wav,0.6300226757369615,flowers
5860066,./assets/audio_train/5860066_apples.wav,0.6248526077097506,apples
5900049,./assets/audio_train/5900049_father.wav,0.4204081632653061,father
5900049,./assets/audio_train/5900049_worker.wav,0.41006802721088437,worker
5900051,./assets/audio_train/5900051_water.wav,0.5354648526077097,water
5900062,./assets/audio_train/5900062_flowers.wav,0.6050793650793651,flowers
5900066,./assets/audio_train/5900066_apples.wav,0.4882539682539683,apples
590049,./assets/audio_train/590049_father.wav,0.38494331065759635,father
590049,./assets/audio_train/590049_worker.wav,0.4528344671201814,worker
590051,./assets/audio_train/590051_water.wav,0.3710657596371882,water
590062,./assets/audio_train/590062_flowers.wav,0.5270294784580499,flowers
590066,./assets/audio_train/590066_apples.wav,0.42984126984126986,apples
5970049,./assets/audio_train/5970049_father.wav,0.41165532879818595,father
5970049,./assets/audio_train/5970049_worker.wav,0.4541043083900227,worker
5970051,./assets/audio_train/5970051_water.wav,0.3927891156462585,water
5970062,./assets/audio_train/5970062_flowers.wav,0.5451700680272109,flowers
5970066,./assets/audio_train/5970066_apples.wav,0.5018140589569161,apples
60049,./assets/audio_train/60049_father.wav,0.37183673469387757,father
60049,./assets/audio_train/60049_worker.wav,0.3465759637188209,worker
60051,./assets/audio_train/60051_water.wav,0.5001360544217687,water
60062,./assets/audio_train/60062_flowers.wav,0.4777777777777778,flowers
60066,./assets/audio_train/60066_apples.wav,0.39351473922902497,apples
6050049,./assets/audio_train/6050049_father.wav,0.3090702947845805,father
6050049,./assets/audio_train/6050049_worker.wav,0.5151927437641723,worker
6050051,./assets/audio_train/6050051_water.wav,0.346031746031746,water
6050062,./assets/audio_train/6050062_flowers.wav,0.5081632653061224,flowers
6050066,./assets/audio_train/6050066_apples.wav,0.483265306122449,apples
6170049,./assets/audio_train/6170049_father.wav,0.26294784580498864,father
6170049,./assets/audio_train/6170049_worker.wav,0.43201814058956917,worker
6170051,./assets/audio_train/6170051_water.wav,0.37569160997732426,water
6170062,./assets/audio_train/6170062_flowers.wav,0.43578231292517006,flowers
6170066,./assets/audio_train/6170066_apples.wav,0.4343764172335601,apples
6220049,./assets/audio_train/6220049_father.wav,0.43170068027210884,father
6220049,./assets/audio_train/6220049_worker.wav,0.42439909297052153,worker
6220051,./assets/audio_train/6220051_water.wav,0.3761451247165533,water
6220062,./assets/audio_train/6220062_flowers.wav,0.41582766439909297,flowers
6220066,./assets/audio_train/6220066_apples.wav,0.49020408163265305,apples
6220295,./assets/audio_train/6220295_father.wav,0.4540136054421769,father
6280049,./assets/audio_train/6280049_father.wav,0.3859410430839002,father
6280051,./assets/audio_train/6280051_water.wav,0.3764172335600907,water
6280062,./assets/audio_train/6280062_flowers.wav,0.44857142857142857,flowers
6280066,./assets/audio_train/6280066_apples.wav,0.47401360544217686,apples
6320049,./assets/audio_train/6320049_father.wav,0.41551020408163264,father
6320049,./assets/audio_train/6320049_worker.wav,0.5779591836734694,worker
6320051,./assets/audio_train/6320051_water.wav,0.4435374149659864,water
6320062,./assets/audio_train/6320062_flowers.wav,0.6421315192743764,flowers
6320066,./assets/audio_train/6320066_apples.wav,0.5326530612244897,apples
6400049,./assets/audio_train/6400049_father.wav,0.39396825396825397,father
6400049,./assets/audio_train/6400049_worker.wav,0.4342857142857143,worker
6400051,./assets/audio_train/6400051_water.wav,0.37369614512471655,water
6400062,./assets/audio_train/6400062_flowers.wav,0.4931972789115646,flowers
6400066,./assets/audio_train/6400066_apples.wav,0.49002267573696145,apples
6510049,./assets/audio_train/6510049_father.wav,0.4018140589569161,father
6510051,./assets/audio_train/6510051_water.wav,0.34984126984126984,water
6510062,./assets/audio_train/6510062_flowers.wav,0.46131519274376415,flowers
6510066,./assets/audio_train/6510066_apples.wav,0.4097052154195011,apples
6550049,./assets/audio_train/6550049_father.wav,0.41201814058956915,father
6550049,./assets/audio_train/6550049_worker.wav,0.43165532879818597,worker
6550051,./assets/audio_train/6550051_water.wav,0.3470748299319728,water
6550062,./assets/audio_train/6550062_flowers.wav,0.4448979591836735,flowers
6550066,./assets/audio_train/6550066_apples.wav,0.473968253968254,apples
6610049,./assets/audio_train/6610049_father.wav,0.30585034013605444,father
6610049,./assets/audio_train/6610049_worker.wav,0.4321541950113379,worker
6610051,./assets/audio_train/6610051_water.wav,0.313015873015873,water
6610062,./assets/audio_train/6610062_flowers.wav,0.4542857142857143,flowers
6610066,./assets/audio_train/6610066_apples.wav,0.4452154195011338,apples
6630049,./assets/audio_train/6630049_father.wav,0.389750566893424,father
6630049,./assets/audio_train/6630049_worker.wav,0.42290249433106575,worker
6630051,./assets/audio_train/6630051_water.wav,0.3870294784580499,water
6630062,./assets/audio_train/6630062_flowers.wav,0.43165532879818597,flowers
6630066,./assets/audio_train/6630066_apples.wav,0.4998185941043084,apples
6650049,./assets/audio_train/6650049_father.wav,0.3696598639455782,father
6650049,./assets/audio_train/6650049_worker.wav,0.5012698412698413,worker
6650051,./assets/audio_train/6650051_water.wav,0.31859410430839,water
6650062,./assets/audio_train/6650062_flowers.wav,0.37664399092970524,flowers
6650066,./assets/audio_train/6650066_apples.wav,0.3857596371882086,apples
6750049,./assets/audio_train/6750049_father.wav,0.3088888888888889,father
6750049,./assets/audio_train/6750049_worker.wav,0.3541496598639456,worker
6750051,./assets/audio_train/6750051_water.wav,0.3105215419501134,water
6750062,./assets/audio_train/6750062_flowers.wav,0.4684807256235828,flowers
6750066,./assets/audio_train/6750066_apples.wav,0.47052154195011336,apples
6780049,./assets/audio_train/6780049_father.wav,0.3731065759637188,father
6780049,./assets/audio_train/6780049_worker.wav,0.5243537414965986,worker
6780051,./assets/audio_train/6780051_water.wav,0.44421768707482995,water
6780062,./assets/audio_train/6780062_flowers.wav,0.5465759637188209,flowers
6780066,./assets/audio_train/6780066_apples.wav,0.4346938775510204,apples
6900049,./assets/audio_train/6900049_father.wav,0.7676643990929706,father
6900049,./assets/audio_train/6900049_worker.wav,0.6536507936507937,worker
6900051,./assets/audio_train/6900051_water.wav,0.6056689342403628,water
6900062,./assets/audio_train/6900062_flowers.wav,0.7780045351473923,flowers
6900066,./assets/audio_train/6900066_apples.wav,0.6903854875283447,apples
6920049,./assets/audio_train/6920049_father.wav,0.31065759637188206,father
6920049,./assets/audio_train/6920049_worker.wav,0.46589569160997735,worker
6920051,./assets/audio_train/6920051_water.wav,0.3327891156462585,water
6920062,./assets/audio_train/6920062_flowers.wav,0.6924716553287982,flowers
6920066,./assets/audio_train/6920066_apples.wav,0.4394104308390023,apples
6970049,./assets/audio_train/6970049_father.wav,0.468843537414966,father
6970049,./assets/audio_train/6970049_worker.wav,0.5791383219954649,worker
6970051,./assets/audio_train/6970051_water.wav,0.6140136054421769,water
6970062,./assets/audio_train/6970062_flowers.wav,0.6160997732426304,flowers
6970066,./assets/audio_train/6970066_apples.wav,0.5620861678004535,apples
70049,./assets/audio_train/70049_father.wav,0.5032199546485261,father
70049,./assets/audio_train/70049_worker.wav,0.4941950113378685,worker
70051,./assets/audio_train/70051_water.wav,0.37873015873015875,water
70062,./assets/audio_train/70062_flowers.wav,0.6250340136054422,flowers
70066,./assets/audio_train/70066_apples.wav,0.536780045351474,apples
7080049,./assets/audio_train/7080049_father.wav,0.2452607709750567,father
7080049,./assets/audio_train/7080049_worker.wav,0.38789115646258504,worker
7080051,./assets/audio_train/7080051_water.wav,0.23165532879818593,water
7080062,./assets/audio_train/7080062_flowers.wav,0.3747845804988662,flowers
7080066,./assets/audio_train/7080066_apples.wav,0.3599092970521542,apples
7090049,./assets/audio_train/7090049_father.wav,0.4422675736961451,father
7090049,./assets/audio_train/7090049_worker.wav,0.529750566893424,worker
7090051,./assets/audio_train/7090051_water.wav,0.4774603174603175,water
7090062,./assets/audio_train/7090062_flowers.wav,0.49945578231292515,flowers
7090066,./assets/audio_train/7090066_apples.wav,0.4502947845804989,apples
7140049,./assets/audio_train/7140049_father.wav,0.30689342403628117,father
7140049,./assets/audio_train/7140049_worker.wav,0.4295691609977324,worker
7140051,./assets/audio_train/7140051_water.wav,0.278140589569161,water
7140062,./assets/audio_train/7140062_flowers.wav,0.42848072562358275,flowers
7140066,./assets/audio_train/7140066_apples.wav,0.3961451247165533,apples
7170049,./assets/audio_train/7170049_father.wav,0.39922902494331064,father
7170049,./assets/audio_train/7170049_worker.wav,0.4435374149659864,worker
7170051,./assets/audio_train/7170051_water.wav,0.456281179138322,water
7170062,./assets/audio_train/7170062_flowers.wav,0.5695238095238095,flowers
7170066,./assets/audio_train/7170066_apples.wav,0.4328798185941043,apples
7190049,./assets/audio_train/7190049_father.wav,0.31229024943310657,father
7190049,./assets/audio_train/7190049_worker.wav,0.44421768707482995,worker
7190051,./assets/audio_train/7190051_water.wav,0.3239455782312925,water
7190062,./assets/audio_train/7190062_flowers.wav,0.49532879818594105,flowers
7190066,./assets/audio_train/7190066_apples.wav,0.38807256235827664,apples
7200049,./assets/audio_train/7200049_father.wav,0.3799092970521542,father
7200049,./assets/audio_train/7200049_worker.wav,0.4520181405895692,worker
7200051,./assets/audio_train/7200051_water.wav,0.46458049886621317,water
7200062,./assets/audio_train/7200062_flowers.wav,0.6126530612244898,flowers
7200066,./assets/audio_train/7200066_apples.wav,0.7546485260770975,apples
7330049,./assets/audio_train/7330049_father.wav,0.3677097505668934,father
7330049,./assets/audio_train/7330049_worker.wav,0.4905215419501134,worker
7330051,./assets/audio_train/7330051_water.wav,0.5457596371882086,water
7330062,./assets/audio_train/7330062_flowers.wav,0.5750113378684807,flowers
7330066,./assets/audio_train/7330066_apples.wav,0.635328798185941,apples
7340049,./assets/audio_train/7340049_father.wav,0.3053514739229025,father
7340049,./assets/audio_train/7340049_worker.wav,0.3685260770975057,worker
7340051,./assets/audio_train/7340051_water.wav,0.2744671201814059,water
7340062,./assets/audio_train/7340062_flowers.wav,0.40988662131519277,flowers
7340066,./assets/audio_train/7340066_apples.wav,0.40104308390022675,apples
7360049,./assets/audio_train/7360049_father.wav,0.6017233560090703,father
7360049,./assets/audio_train/7360049_worker.wav,0.5912018140589569,worker
7360051,./assets/audio_train/7360051_water.wav,0.43229024943310657,water
7360062,./assets/audio_train/7360062_flowers.wav,0.5468934240362812,flowers
7360066,./assets/audio_train/7360066_apples.wav,0.45528344671201815,apples
7370049,./assets/audio_train/7370049_father.wav,0.30054421768707484,father
7370049,./assets/audio_train/7370049_worker.wav,0.42657596371882084,worker
7370051,./assets/audio_train/7370051_water.wav,0.32081632653061226,water
7370062,./assets/audio_train/7370062_flowers.wav,0.42575963718820864,flowers
7370066,./assets/audio_train/7370066_apples.wav,0.46476190476190476,apples
7400049,./assets/audio_train/7400049_father.wav,0.37718820861678004,father
7400049,./assets/audio_train/7400049_worker.wav,0.4176417233560091,worker
7400051,./assets/audio_train/7400051_water.wav,0.46208616780045353,water
7400062,./assets/audio_train/7400062_flowers.wav,0.5365079365079365,flowers
7400066,./assets/audio_train/7400066_apples.wav,0.5950113378684807,apples
7410049,./assets/audio_train/7410049_father.wav,0.35351473922902493,father
7410049,./assets/audio_train/7410049_worker.wav,0.5341043083900227,worker
7410051,./assets/audio_train/7410051_water.wav,0.3195011337868481,water
7410062,./assets/audio_train/7410062_flowers.wav,0.47528344671201816,flowers
7410066,./assets/audio_train/7410066_apples.wav,0.33668934240362813,apples
7470049,./assets/audio_train/7470049_father.wav,0.38553287981859413,father
7470049,./assets/audio_train/7470049_worker.wav,0.4112925170068027,worker
7470051,./assets/audio_train/7470051_water.wav,0.4266666666666667,water
7470062,./assets/audio_train/7470062_flowers.wav,0.42984126984126986,flowers
7470066,./assets/audio_train/7470066_apples.wav,0.4285260770975057,apples
7500049,./assets/audio_train/7500049_father.wav,0.329750566893424,father
7500049,./assets/audio_train/7500049_worker.wav,0.44240362811791384,worker
7500051,./assets/audio_train/7500051_water.wav,0.3493424036281179,water
7500062,./assets/audio_train/7500062_flowers.wav,0.4077097505668934,flowers
7500066,./assets/audio_train/7500066_apples.wav,0.4035374149659864,apples
7590049,./assets/audio_train/7590049_father.wav,0.35619047619047617,father
7590049,./assets/audio_train/7590049_worker.wav,0.4840816326530612,worker
7590051,./assets/audio_train/7590051_water.wav,0.36444444444444446,water
7590062,./assets/audio_train/7590062_flowers.wav,0.4541950113378685,flowers
7590066,./assets/audio_train/7590066_apples.wav,0.4073469387755102,apples
7810049,./assets/audio_train/7810049_father.wav,0.5988208616780045,father
7810049,./assets/audio_train/7810049_worker.wav,0.5217687074829932,worker
7810051,./assets/audio_train/7810051_water.wav,0.5277551020408163,water
7810062,./assets/audio_train/7810062_flowers.wav,0.5268934240362811,flowers
7810066,./assets/audio_train/7810066_apples.wav,0.5448979591836735,apples
7890049,./assets/audio_train/7890049_father.wav,0.31859410430839,father
7890049,./assets/audio_train/7890049_worker.wav,0.44145124716553286,worker
7890051,./assets/audio_train/7890051_water.wav,0.365578231292517,water
7890062,./assets/audio_train/7890062_flowers.wav,0.46984126984126984,flowers
7890066,./assets/audio_train/7890066_apples.wav,0.4526530612244898,apples
7940049,./assets/audio_train/7940049_father.wav,0.3726984126984127,father
7940049,./assets/audio_train/7940049_worker.wav,0.5399092970521542,worker
7940051,./assets/audio_train/7940051_water.wav,0.37532879818594106,water
7940062,./assets/audio_train/7940062_flowers.wav,0.554875283446712,flowers
7940066,./assets/audio_train/7940066_apples.wav,0.6106575963718821,apples
7960049,./assets/audio_train/7960049_father.wav,0.5480725623582766,father
7960049,./assets/audio_train/7960049_worker.wav,0.4110204081632653,worker
7960051,./assets/audio_train/7960051_water.wav,0.5751927437641723,water
7960062,./assets/audio_train/7960062_flowers.wav,0.4931972789115646,flowers
7960066,./assets/audio_train/7960066_apples.wav,0.599092970521542,apples
80049,./assets/audio_train/80049_father.wav,0.44272108843537417,father
80049,./assets/audio_train/80049_worker.wav,0.4928344671201814,worker
80062,./assets/audio_train/80062_flowers.wav,0.6070748299319728,flowers
80066,./assets/audio_train/80066_apples.wav,0.5254421768707483,apples
8010049,./assets/audio_train/8010049_father.wav,0.35863945578231293,father
8010049,./assets/audio_train/8010049_worker.wav,0.6164625850340136,worker
8010051,./assets/audio_train/8010051_water.wav,0.4312018140589569,water
8010062,./assets/audio_train/8010062_flowers.wav,0.5956916099773243,flowers
8010066,./assets/audio_train/8010066_apples.wav,0.5389569160997733,apples
80197,./assets/audio_train/80197_water.wav,0.6326984126984126,water
8050049,./assets/audio_train/8050049_father.wav,0.2875283446712018,father
8050049,./assets/audio_train/8050049_worker.wav,0.5123356009070295,worker
8050051,./assets/audio_train/8050051_water.wav,0.3567800453514739,water
8050062,./assets/audio_train/8050062_flowers.wav,0.5912018140589569,flowers
8050066,./assets/audio_train/8050066_apples.wav,0.4103854875283447,apples
8060049,./assets/audio_train/8060049_father.wav,0.4275283446712018,father
8060049,./assets/audio_train/8060049_worker.wav,0.40997732426303857,worker
8060051,./assets/audio_train/8060051_water.wav,0.39913832199546484,water
8060062,./assets/audio_train/8060062_flowers.wav,0.5559183673469388,flowers
8060066,./assets/audio_train/8060066_apples.wav,0.4489795918367347,apples
8140049,./assets/audio_train/8140049_father.wav,0.3144671201814059,father
8140049,./assets/audio_train/8140049_worker.wav,0.41759637188208615,worker
8140051,./assets/audio_train/8140051_water.wav,0.37900226757369615,water
8140062,./assets/audio_train/8140062_flowers.wav,0.5071655328798186,flowers
8140066,./assets/audio_train/8140066_apples.wav,0.585578231292517,apples
8160049,./assets/audio_train/8160049_father.wav,0.763265306122449,father
8160049,./assets/audio_train/8160049_worker.wav,0.6427210884353741,worker
8160051,./assets/audio_train/8160051_water.wav,0.7103854875283446,water
8160062,./assets/audio_train/8160062_flowers.wav,0.6096598639455783,flowers
8160066,./assets/audio_train/8160066_apples.wav,0.5121995464852608,apples
8180049,./assets/audio_train/8180049_father.wav,0.3694784580498866,father
8180049,./assets/audio_train/8180049_worker.wav,0.49020408163265305,worker
8180051,./assets/audio_train/8180051_water.wav,0.4088888888888889,water
8180062,./assets/audio_train/8180062_flowers.wav,0.43714285714285717,flowers
8180066,./assets/audio_train/8180066_apples.wav,0.483718820861678,apples
8260049,./assets/audio_train/8260049_father.wav,0.5101587301587301,father
8260049,./assets/audio_train/8260049_worker.wav,0.5900226757369614,worker
8260051,./assets/audio_train/8260051_water.wav,0.45546485260770975,water
8260062,./assets/audio_train/8260062_flowers.wav,0.5863945578231292,flowers
8260066,./assets/audio_train/8260066_apples.wav,0.6222675736961452,apples
8300049,./assets/audio_train/8300049_father.wav,0.45369614512471657,father
8300049,./assets/audio_train/8300049_worker.wav,0.4912018140589569,worker
8300051,./assets/audio_train/8300051_water.wav,0.4728344671201814,water
8300062,./assets/audio_train/8300062_flowers.wav,0.5513378684807256,flowers
8300066,./assets/audio_train/8300066_apples.wav,0.49038548752834465,apples
8310049,./assets/audio_train/8310049_father.wav,0.5573242630385488,father
8310049,./assets/audio_train/8310049_worker.wav,0.531156462585034,worker
8310051,./assets/audio_train/8310051_water.wav,0.3298412698412698,water
8310062,./assets/audio_train/8310062_flowers.wav,0.588843537414966,flowers
8310066,./assets/audio_train/8310066_apples.wav,0.5318820861678004,apples
8350049,./assets/audio_train/8350049_father.wav,0.3844444444444444,father
8350049,./assets/audio_train/8350049_worker.wav,0.49859410430839,worker
8350051,./assets/audio_train/8350051_water.wav,0.368843537414966,water
8350062,./assets/audio_train/8350062_flowers.wav,0.4723809523809524,flowers
8350066,./assets/audio_train/8350066_apples.wav,0.46122448979591835,apples
8460049,./assets/audio_train/8460049_father.wav,0.5346031746031746,father
8460049,./assets/audio_train/8460049_worker.wav,0.4684807256235828,worker
8460051,./assets/audio_train/8460051_water.wav,0.4832199546485261,water
8460062,./assets/audio_train/8460062_flowers.wav,0.5341496598639456,flowers
8460066,./assets/audio_train/8460066_apples.wav,0.576281179138322,apples
8480049,./assets/audio_train/8480049_father.wav,0.3563265306122449,father
8480049,./assets/audio_train/8480049_worker.wav,0.45927437641723357,worker
8480051,./assets/audio_train/8480051_water.wav,0.38344671201814057,water
8480062,./assets/audio_train/8480062_flowers.wav,0.518140589569161,flowers
8480066,./assets/audio_train/8480066_apples.wav,0.44213151927437644,apples
8530049,./assets/audio_train/8530049_father.wav,0.38603174603174606,father
8530049,./assets/audio_train/8530049_worker.wav,0.4528344671201814,worker
8530051,./assets/audio_train/8530051_water.wav,0.5331972789115647,water
8530062,./assets/audio_train/8530062_flowers.wav,0.5605442176870749,flowers
8530066,./assets/audio_train/8530066_apples.wav,0.5095238095238095,apples
8540049,./assets/audio_train/8540049_father.wav,0.4799092970521542,father
8540049,./assets/audio_train/8540049_worker.wav,0.537641723356009,worker
8540051,./assets/audio_train/8540051_water.wav,0.6141496598639455,water
8540062,./assets/audio_train/8540062_flowers.wav,0.5217233560090703,flowers
8540066,./assets/audio_train/8540066_apples.wav,0.4908390022675737,apples
8550049,./assets/audio_train/8550049_father.wav,0.606938775510204,father
8550049,./assets/audio_train/8550049_worker.wav,0.5671655328798186,worker
8550051,./assets/audio_train/8550051_water.wav,0.6027210884353742,water
8550062,./assets/audio_train/8550062_flowers.wav,0.6064399092970522,flowers
8550066,./assets/audio_train/8550066_apples.wav,0.66,apples
8560049,./assets/audio_train/8560049_father.wav,0.40258503401360546,father
8560049,./assets/audio_train/8560049_worker.wav,0.6298412698412699,worker
8560051,./assets/audio_train/8560051_water.wav,0.4138775510204082,water
8560062,./assets/audio_train/8560062_flowers.wav,0.5345124716553288,flowers
8560066,./assets/audio_train/8560066_apples.wav,0.3898412698412698,apples
8570049,./assets/audio_train/8570049_father.wav,0.4454421768707483,father
8570049,./assets/audio_train/8570049_worker.wav,0.4496598639455782,worker
8570051,./assets/audio_train/8570051_water.wav,0.4560090702947846,water
8570062,./assets/audio_train/8570062_flowers.wav,0.5519727891156463,flowers
8570066,./assets/audio_train/8570066_apples.wav,0.4473469387755102,apples
8620049,./assets/audio_train/8620049_father.wav,0.47600907029478456,father
8620049,./assets/audio_train/8620049_worker.wav,0.531156462585034,worker
8620051,./assets/audio_train/8620051_water.wav,0.3435374149659864,water
8620062,./assets/audio_train/8620062_flowers.wav,0.5662131519274376,flowers
8620066,./assets/audio_train/8620066_apples.wav,0.3835827664399093,apples
8690049,./assets/audio_train/8690049_father.wav,0.4180952380952381,father
8690049,./assets/audio_train/8690049_worker.wav,0.4180952380952381,worker
8690051,./assets/audio_train/8690051_water.wav,0.3728798185941043,water
8690062,./assets/audio_train/8690062_flowers.wav,0.4819501133786848,flowers
8690066,./assets/audio_train/8690066_apples.wav,0.5354195011337869,apples
8690348,./assets/audio_train/8690348_worker.wav,0.3615419501133787,worker
8700049,./assets/audio_train/8700049_father.wav,0.4030839002267574,father
8700049,./assets/audio_train/8700049_worker.wav,0.41931972789115646,worker
8700051,./assets/audio_train/8700051_water.wav,0.4179138321995465,water
8700062,./assets/audio_train/8700062_flowers.wav,0.5956462585034014,flowers
8700066,./assets/audio_train/8700066_apples.wav,0.548390022675737,apples
8730049,./assets/audio_train/8730049_father.wav,0.37188208616780044,father
8730049,./assets/audio_train/8730049_worker.wav,0.3453514739229025,worker
8730051,./assets/audio_train/8730051_water.wav,0.28462585034013604,water
8730062,./assets/audio_train/8730062_flowers.wav,0.4671655328798186,flowers
8730066,./assets/audio_train/8730066_apples.wav,0.4600907029478458,apples
8740049,./assets/audio_train/8740049_father.wav,0.36471655328798186,father
8740049,./assets/audio_train/8740049_worker.wav,0.5545124716553288,worker
8740051,./assets/audio_train/8740051_water.wav,0.3472562358276644,water
8740062,./assets/audio_train/8740062_flowers.wav,0.46634920634920635,flowers
8740066,./assets/audio_train/8740066_apples.wav,0.3925170068027211,apples
8770049,./assets/audio_train/8770049_father.wav,0.44693877551020406,father
8770049,./assets/audio_train/8770049_worker.wav,0.4391383219954649,worker
8770051,./assets/audio_train/8770051_water.wav,0.33678004535147393,water
8770062,./assets/audio_train/8770062_flowers.wav,0.40104308390022675,flowers
8770066,./assets/audio_train/8770066_apples.wav,0.43750566893424037,apples
8780049,./assets/audio_train/8780049_father.wav,0.3692063492063492,father
8780049,./assets/audio_train/8780049_worker.wav,0.6489795918367347,worker
8780051,./assets/audio_train/8780051_water.wav,0.3902947845804989,water
8780062,./assets/audio_train/8780062_flowers.wav,0.6027210884353742,flowers
8780066,./assets/audio_train/8780066_apples.wav,0.45197278911564626,apples
8880049,./assets/audio_train/8880049_father.wav,0.5741950113378684,father
8880049,./assets/audio_train/8880049_worker.wav,0.6607709750566894,worker
8880051,./assets/audio_train/8880051_water.wav,0.8429024943310658,water
8880062,./assets/audio_train/8880062_flowers.wav,0.6278458049886622,flowers
8880066,./assets/audio_train/8880066_apples.wav,0.658639455782313,apples
8930049,./assets/audio_train/8930049_father.wav,0.5428571428571428,father
8930049,./assets/audio_train/8930049_worker.wav,0.5046258503401361,worker
8930051,./assets/audio_train/8930051_water.wav,0.38988662131519275,water
8930062,./assets/audio_train/8930062_flowers.wav,0.5389115646258503,flowers
8930066,./assets/audio_train/8930066_apples.wav,0.34984126984126984,apples
8980049,./assets/audio_train/8980049_father.wav,0.2521995464852608,father
8980049,./assets/audio_train/8980049_worker.wav,0.4897052154195011,worker
8980051,./assets/audio_train/8980051_water.wav,0.2923809523809524,water
8980062,./assets/audio_train/8980062_flowers.wav,0.48403628117913833,flowers
8980066,./assets/audio_train/8980066_apples.wav,0.4346938775510204,apples
9010049,./assets/audio_train/9010049_father.wav,0.3742857142857143,father
9010049,./assets/audio_train/9010049_worker.wav,0.47950113378684805,worker
9010051,./assets/audio_train/9010051_water.wav,0.4496598639455782,water
9010062,./assets/audio_train/9010062_flowers.wav,0.518095238095238,flowers
9010066,./assets/audio_train/9010066_apples.wav,0.5164625850340137,apples
9060049,./assets/audio_train/9060049_father.wav,0.5979138321995465,father
9060049,./assets/audio_train/9060049_worker.wav,0.5161451247165533,worker
9060051,./assets/audio_train/9060051_water.wav,0.4630839002267574,water
9060062,./assets/audio_train/9060062_flowers.wav,0.7703854875283447,flowers
9060066,./assets/audio_train/9060066_apples.wav,0.6577324263038549,apples
9070049,./assets/audio_train/9070049_father.wav,0.43718820861678004,father
9070049,./assets/audio_train/9070049_worker.wav,0.5254421768707483,worker
9070051,./assets/audio_train/9070051_water.wav,0.3859410430839002,water
9070062,./assets/audio_train/9070062_flowers.wav,0.5063945578231293,flowers
9070066,./assets/audio_train/9070066_apples.wav,0.3784126984126984,apples
9250049,./assets/audio_train/9250049_father.wav,0.5341950113378685,father
9250049,./assets/audio_train/9250049_worker.wav,0.5235374149659864,worker
9250051,./assets/audio_train/9250051_water.wav,0.42394557823129253,water
9250062,./assets/audio_train/9250062_flowers.wav,0.5820408163265306,flowers
9250066,./assets/audio_train/9250066_apples.wav,0.4945124716553288,apples
9250224,./assets/audio_train/9250224_water.wav,0.6665759637188209,water
9260049,./assets/audio_train/9260049_father.wav,0.3508390022675737,father
9260049,./assets/audio_train/9260049_worker.wav,0.43378684807256235,worker
9260051,./assets/audio_train/9260051_water.wav,0.3690249433106576,water
9260062,./assets/audio_train/9260062_flowers.wav,0.5594557823129251,flowers
9260066,./assets/audio_train/9260066_apples.wav,0.48766439909297055,apples
9270049,./assets/audio_train/9270049_father.wav,0.45138321995464853,father
9270049,./assets/audio_train/9270049_worker.wav,0.36634920634920637,worker
9270051,./assets/audio_train/9270051_water.wav,0.4638548752834467,water
9270062,./assets/audio_train/9270062_flowers.wav,0.3956916099773243,flowers
9270066,./assets/audio_train/9270066_apples.wav,0.4126530612244898,apples
9350049,./assets/audio_train/9350049_father.wav,0.36848072562358275,father
9350049,./assets/audio_train/9350049_worker.wav,0.4964172335600907,worker
9350051,./assets/audio_train/9350051_water.wav,0.4398185941043084,water
9350062,./assets/audio_train/9350062_flowers.wav,0.656281179138322,flowers
9350066,./assets/audio_train/9350066_apples.wav,0.599954648526077,apples
9400049,./assets/audio_train/9400049_father.wav,0.4850340136054422,father
9400049,./assets/audio_train/9400049_worker.wav,0.6235374149659864,worker
9400051,./assets/audio_train/9400051_water.wav,0.5004081632653061,water
9400062,./assets/audio_train/9400062_flowers.wav,0.6869387755102041,flowers
9400066,./assets/audio_train/9400066_apples.wav,0.6710657596371882,apples
9470049,./assets/audio_train/9470049_father.wav,0.3491609977324263,father
9470049,./assets/audio_train/9470049_worker.wav,0.4620408163265306,worker
9470051,./assets/audio_train/9470051_water.wav,0.47922902494331066,water
9470062,./assets/audio_train/9470062_flowers.wav,0.378140589569161,flowers
9470066,./assets/audio_train/9470066_apples.wav,0.4077097505668934,apples
9550049,./assets/audio_train/9550049_father.wav,0.5222675736961451,father
9550049,./assets/audio_train/9550049_worker.wav,0.5756009070294784,worker
9550051,./assets/audio_train/9550051_water.wav,0.6589569160997732,water
9550062,./assets/audio_train/9550062_flowers.wav,0.570702947845805,flowers
9550066,./assets/audio_train/9550066_apples.wav,0.5633560090702948,apples
9560049,./assets/audio_train/9560049_father.wav,0.6049433106575963,father
9560049,./assets/audio_train/9560049_worker.wav,0.47369614512471653,worker
9560051,./assets/audio_train/9560051_water.wav,0.716281179138322,water
9560062,./assets/audio_train/9560062_flowers.wav,0.6543310657596372,flowers
9560066,./assets/audio_train/9560066_apples.wav,0.5756916099773243,apples
9570049,./assets/audio_train/9570049_father.wav,0.44258503401360544,father
9570049,./assets/audio_train/9570049_worker.wav,0.44253968253968257,worker
9570051,./assets/audio_train/9570051_water.wav,0.4670294784580499,water
9570062,./assets/audio_train/9570062_flowers.wav,0.5222675736961451,flowers
9570066,./assets/audio_train/9570066_apples.wav,0.5380952380952381,apples
9650049,./assets/audio_train/9650049_father.wav,0.38643990929705213,father
9650049,./assets/audio_train/9650049_worker.wav,0.4287074829931973,worker
9650051,./assets/audio_train/9650051_water.wav,0.41718820861678,water
9650062,./assets/audio_train/9650062_flowers.wav,0.677641723356009,flowers
9650066,./assets/audio_train/9650066_apples.wav,0.618140589569161,apples
9660049,./assets/audio_train/9660049_father.wav,0.5087074829931972,father
9660049,./assets/audio_train/9660049_worker.wav,0.5434467120181405,worker
9660051,./assets/audio_train/9660051_water.wav,0.5389115646258503,water
9660062,./assets/audio_train/9660062_flowers.wav,0.5001360544217687,flowers
9660066,./assets/audio_train/9660066_apples.wav,0.5487074829931973,apples
9690049,./assets/audio_train/9690049_father.wav,0.3547845804988662,father
9690049,./assets/audio_train/9690049_worker.wav,0.46303854875283446,worker
9690051,./assets/audio_train/9690051_water.wav,0.41882086167800453,water
9690062,./assets/audio_train/9690062_flowers.wav,0.6076643990929705,flowers
9690066,./assets/audio_train/9690066_apples.wav,0.5296598639455782,apples
9700049,./assets/audio_train/9700049_father.wav,0.6152834467120182,father
9700049,./assets/audio_train/9700049_worker.wav,0.48657596371882084,worker
9700051,./assets/audio_train/9700051_water.wav,0.7678458049886622,water
9700062,./assets/audio_train/9700062_flowers.wav,0.6565986394557823,flowers
9700066,./assets/audio_train/9700066_apples.wav,0.73859410430839,apples
9740049,./assets/audio_train/9740049_father.wav,0.3687074829931973,father
9740049,./assets/audio_train/9740049_worker.wav,0.4910204081632653,worker
9740051,./assets/audio_train/9740051_water.wav,0.5508843537414966,water
9740062,./assets/audio_train/9740062_flowers.wav,0.9027664399092971,flowers
9740066,./assets/audio_train/9740066_apples.wav,0.45764172335600906,apples
9930049,./assets/audio_train/9930049_father.wav,0.38997732426303855,father
9930049,./assets/audio_train/9930049_worker.wav,0.5231292517006803,worker
9930051,./assets/audio_train/9930051_water.wav,0.5154195011337869,water
9930062,./assets/audio_train/9930062_flowers.wav,0.5198185941043084,flowers
9930066,./assets/audio_train/9930066_apples.wav,0.5136507936507937,apples
9980049,./assets/audio_train/9980049_father.wav,0.413968253968254,father
9980049,./assets/audio_train/9980049_worker.wav,0.48766439909297055,worker
9980051,./assets/audio_train/9980051_water.wav,0.3219501133786848,water
9980062,./assets/audio_train/9980062_flowers.wav,0.5513832199546486,flowers
9980066,./assets/audio_train/9980066_apples.wav,0.38013605442176873,apples
